key,key:project,key:project-member
member-01,project-01,project-member-01
member-02,project-02,project-member-01
member-03,project-01,project-member-01
member-04,project-01,project-member-02
member-05,project-01,project-member-04
member-06,project-02,project-member-05
member-07,project-03,project-member-05
member-08,project-04,project-member-06
member-09,project-05,project-member-06
member-10,project-06,project-member-06
member-11,project-07,project-member-06
member-12,project-08,project-member-06
member-13,project-09,project-member-06
member-14,project-10,project-member-06
member-15,project-11,project-member-06
member-16,project-12,project-member-06
member-17,project-13,project-member-06
member-18,project-14,project-member-06
member-19,project-15,project-member-06
member-20,project-16,project-member-06
member-21,project-17,project-member-06
member-22,project-18,project-member-06
member-23,project-19,project-member-06
member-24,project-20,project-member-06
member-25,project-21,project-member-06
member-26,project-22,project-member-06
member-27,project-23,project-member-06
member-28,project-test,project-member-03
member-29,project-01,project-member-07
member-30,project-01,project-member-04
member-31,project-02,project-member-05
member-32,project-03,project-member-05
member-33,project-04,project-member-06
member-34,project-05,project-member-06
member-35,project-06,project-member-06
member-36,project-07,project-member-06
member-37,project-08,project-member-06
member-38,project-09,project-member-06
member-39,project-10,project-member-06
member-40,project-11,project-member-06
member-41,project-12,project-member-06
member-42,project-13,project-member-06
member-43,project-14,project-member-06
member-44,project-15,project-member-06
member-45,project-16,project-member-06
member-46,project-17,project-member-06
member-47,project-18,project-member-06
member-48,project-19,project-member-06
member-49,project-20,project-member-06
member-50,project-21,project-member-06
member-51,project-22,project-member-06
member-52,project-23,project-member-06
member-53,project-test,project-member-03
