key,key:user-account
project-member-01,user-account-inventor-01
project-member-02,user-account-inventor-02
project-member-03,user-account-inventor-03
project-member-04,user-account-spokesperson-01
project-member-05,user-account-spokesperson-02
project-member-06,user-account-spokesperson-03
project-member-07,user-account-fundraiser-01
project-member-08,user-account-fundraiser-02
project-member-09,user-account-fundraiser-03
project-member-10,user-account-manager-01
project-member-11,user-account-manager-02
project-member-12,user-account-manager-03
project-member-13,user-account-manager-04
project-member-14,user-account-manager-05
project-member-15,user-account-manager-06
project-member-16,user-account-manager-07
project-member-17,user-account-manager-08
project-member-18,user-account-manager-09
project-member-19,user-account-manager-10
